rank,ticker,compositeScore,accel,raw_accel,yoy_curr,yoy_prior,eps_growth,margin,margin_trend,marketCap,sic,runDate
1,PBF,0.9922330097087378,0.4436764529528001,0.4436764529528001,0.5622516822067343,0.11857522925393416,151.79999999999998,0.09819922420215271,0.06296523763787756,8734979592.22,2911,2026-09-27
2,MU,0.9844660194174757,1.4942841648490108,1.4942841648490108,3.457155144608107,1.9628709797590962,13.684523809523812,0.8456194519490544,0.10148701272021954,1222319619464.28,3674,2026-09-27
3,NOG,0.972168284789644,0.2615032510434984,1.0460130041739937,0.05436546506906392,-0.9916475391049298,1.19,0.8294645313223346,25.62922591529529,2481529191.12,1311,2026-09-27
4,MSGS,0.9702265372168285,0.3478212576865993,0.3478212576865993,0.36668513461170726,0.018863876925107936,17.714285714285698,0.4276812140128074,0.2479121724370518,9700363432.439999,7990,2026-09-27
5,SNDK,0.9618122977346278,0.9324602535725477,0.9324602535725477,4.289085545722714,3.3566252921501665,4.326331582895724,0.8457334076965979,0.062203995931891964,260303699977.8,3572,2026-09-27
6,VLO,0.9592233009708738,0.4178758153134077,0.4178758153134077,0.48803907792164347,0.0701632626082358,4.535087719298246,0.12296519471175466,0.05959469966836502,111479754349.98,2911,2026-09-27
7,CENX,0.9533980582524271,0.1732844937665734,0.1732844937665734,0.1974207928673779,0.024136299100804504,48.8,0.3030182156628108,0.12002376094931724,3800352595.05,3334,2026-09-27
8,KMT,0.9527508090614887,0.2080004465998675,0.2080004465998675,0.42631092832371964,0.21831048172385215,9.10344827586207,0.5885823511364161,0.2376149793669653,2370382661.9300003,3541,2026-09-27
9,CVX,0.9508090614886731,0.5420191747100818,0.5420191747100818,0.5629601534960511,0.020940978785969344,3.213793103448276,0.4774534294482906,0.05895403635676061,401049789369.3,2911,2026-09-27
10,DINO,0.9449838187702266,0.413334450253251,0.413334450253251,0.5315448113207548,0.11821036106750382,3.481818181818181,0.9370548604427335,0.024658398277915272,18990870750.18,4610,2026-09-27
11,DAR,0.93915857605178,0.15488968482187437,0.15488968482187437,0.24879435952930407,0.09390467470742969,16.0625,0.29196648875514913,0.030865433249710417,9671740721.64,2070,2026-09-27
12,MAN,0.9294498381877023,0.1630649960897539,0.1630649960897539,0.1882258025083734,0.025160806418619508,8.416666666666666,0.16054894860293814,0.00025274427516233655,2669884773.7,7363,2026-09-27
13,PENG,0.9268608414239482,0.13449413899123216,0.5379765559649287,0.4763655316406117,-0.061611024324316976,69.0,0.2782752922941303,0.005090822368562009,2880864537.7799997,3674,2026-09-27
14,AVT,0.9216828478964401,0.1371683722710113,0.1371683722710113,0.4766250815488995,0.3394567092778882,14.199999999999982,0.10427880492954088,0.0004748806785212917,8459672310.425,5065,2026-09-27
15,SITM,0.917799352750809,0.3824748710850261,0.3824748710850261,1.265404207557487,0.8829293364724609,1.7857142857142858,0.6297449057370801,0.040181035950962674,19915145011.72,3674,2026-09-27
16,YETI,0.9132686084142394,0.170499557975351,0.681998231901404,0.37803877788157014,-0.3039594540198338,3.6999999999999997,0.6665536881959543,0.1139688727054623,3085966294.88,3949,2026-09-27
17,MKSI,0.9016181229773463,0.17915774446823685,0.17915774446823685,0.33333333333333326,0.1541755888650964,2.12987012987013,0.47676282051282054,0.006447421625993099,17636011477.56,3823,2026-09-27
18,LSCC,0.8996763754045307,0.20480810883797873,0.20480810883797873,0.5821655349316632,0.3773574260936845,1.8,0.7028680269943653,0.014546991516855456,18186976329.600002,3674,2026-09-27
19,HNI,0.8977346278317152,0.357542008166146,0.357542008166146,1.4548182727575858,1.0972762645914398,1.4137931034482758,0.4395544688943222,0.06857116648244838,3407702778.0,2522,2026-09-27
20,BHE,0.8957928802588997,0.10487892282213007,0.10487892282213007,0.1769248133761978,0.07204589055406774,17.333333333333336,0.10370644726050954,0.0014828469770226532,2964112871.16,3672,2026-09-27
21,NVDA,0.8770226537216828,0.20623509697973041,0.20623509697973041,1.0585114348672526,0.8522763378875222,1.2777777777777777,0.7497531723844068,0.0004178786271317181,5434765290000.0,3674,2026-09-27
22,CVI,0.8737864077669903,0.3518822496055001,0.3518822496055001,0.5547984099943215,0.20291616038882143,0.9736842105263158,0.04273192111029949,0.09475212313050152,5179336460.4800005,2911,2026-09-27
23,COHR,0.8711974110032363,0.1319774968411167,0.1319774968411167,0.33744269129273796,0.20546519445162126,2.463414634146342,0.38477746386883027,0.008210361105877972,57933053334.18,3827,2026-09-27
24,LMT,0.8660194174757281,0.10186615582540282,0.10186615582540282,0.10509501514734243,0.0032288593219396144,4.438356164383562,0.12191596471115984,0.006606048502292405,119909643628.68,3760,2026-09-27
25,PFGC,0.8634304207119742,0.1361944812439737,0.1361944812439737,0.17787446998948142,0.04167998874550771,1.783783783783784,0.12029574738336782,0.001277945050648363,14379983621.449999,5141,2026-09-27
